Scene,Target,Source,RANSAC Iterations,ICP Iterations,RANSAC: Fitness,ICP: Fitness,RANSAC: Inlier RMSE,ICP: Inlier RMSE,Initial Guess,Transformation
sun3d-hotel_umd-maryland_hotel3,24,28,276,30,0.8271106626303397,0.8220407913647066,0.01590127560089132,0.014599605465402598,"[[ 0.95276317 -0.1400385   0.26950245  0.06056575]
 [ 0.0923767   0.97893205  0.18209501  0.05086959]
 [-0.28932489 -0.14859767  0.94562669  0.06017483]
 [ 0.          0.          0.          1.        ]]","[[ 0.95110797 -0.15327742  0.26814111  0.04535578]
 [ 0.1067119   0.97778405  0.18041874  0.05793578]
 [-0.28983822 -0.14298385  0.94633473  0.03848927]
 [ 0.          0.          0.          1.        ]]"
sun3d-hotel_umd-maryland_hotel3,17,19,9,30,0.8157386483929089,0.8830035905168875,0.018363302914229065,0.014115752867664009,"[[ 0.94663802  0.25204641 -0.20087078 -0.17757497]
 [-0.30823097  0.89010714 -0.3357126  -0.66678074]
 [ 0.09418136  0.3797129   0.92029777  0.86499579]
 [ 0.          0.          0.          1.        ]]","[[ 0.93167464  0.25847828 -0.25528677 -0.1113304 ]
 [-0.33044751  0.89492184 -0.29986554 -0.6621019 ]
 [ 0.15095297  0.363736    0.91918949  0.83443953]
 [ 0.          0.          0.          1.        ]]"
sun3d-hotel_umd-maryland_hotel3,22,29,10,30,0.7464766143421343,0.8057727391191035,0.01685094330426617,0.01733014160776459,"[[ 0.63411934  0.77316831  0.01016956  0.01222584]
 [-0.76849199  0.63162951 -0.10229481 -0.68992919]
 [-0.08551451  0.05705189  0.99470214  0.81965685]
 [ 0.          0.          0.          1.        ]]","[[ 0.62931844  0.77191433  0.09003642 -0.07471021]
 [-0.76946877  0.63515053 -0.06709407 -0.70400041]
 [-0.10897756 -0.02705668  0.99367592  0.78171437]
 [ 0.          0.          0.          1.        ]]"
sun3d-hotel_umd-maryland_hotel3,23,28,7,30,0.5329113536984375,0.5614408464055285,0.0194083168752852,0.018904069658542428,"[[ 0.64519    -0.74953005  0.14810328  0.18647818]
 [ 0.76371232  0.63821534 -0.09708073  0.89028596]
 [-0.02175686  0.17574381  0.98419548  0.66329766]
 [ 0.          0.          0.          1.        ]]","[[ 0.62860914 -0.76486786  0.14081087  0.17393684]
 [ 0.77680712  0.6087167  -0.16135265  0.99043648]
 [ 0.03769953  0.21081064  0.97679968  0.75571339]
 [ 0.          0.          0.          1.        ]]"
sun3d-hotel_umd-maryland_hotel3,31,34,20,30,0.6106543881986214,0.6315746147429424,0.021915001605886098,0.02164071259981785,"[[ 0.87738932 -0.33570456  0.34276877 -1.02245115]
 [ 0.27384656  0.93703095  0.21675113 -0.26490865]
 [-0.39394929 -0.09630907  0.91407249  0.17327025]
 [ 0.          0.          0.          1.        ]]","[[ 0.89563104 -0.29808416  0.33013765 -1.01105102]
 [ 0.25231294  0.95172297  0.17481869 -0.23860971]
 [-0.36631027 -0.07327505  0.92760312  0.14124269]
 [ 0.          0.          0.          1.        ]]"
sun3d-hotel_umd-maryland_hotel3,8,15,62,30,0.6396717919361234,0.6486015080635784,0.015230577225870172,0.012749721648786948,"[[ 0.93502717 -0.23017783  0.26970792  0.11989615]
 [ 0.18075189  0.96381727  0.19592096 -0.20123965]
 [-0.30504581 -0.13444121  0.94280041  0.7149152 ]
 [ 0.          0.          0.          1.        ]]","[[ 0.91722607 -0.28054341  0.28282808  0.10914116]
 [ 0.22396048  0.95029245  0.21630065 -0.25253565]
 [-0.32945111 -0.13505428  0.93446365  0.75284185]
 [ 0.          0.          0.          1.        ]]"
sun3d-hotel_umd-maryland_hotel3,23,29,4,30,0.5458992401916561,0.5922194823680359,0.018549445490268983,0.01754130034340511,"[[ 0.64314495  0.75097459  0.14967212 -0.14758507]
 [-0.66344949  0.44888084  0.59861571 -0.61899816]
 [ 0.38236024 -0.48429656  0.78692915  0.87762581]
 [ 0.          0.          0.          1.        ]]","[[ 0.65067434  0.7378077   0.1796182  -0.16089203]
 [-0.70948552  0.50637992  0.4901119  -0.45138434]
 [ 0.27065328 -0.44633975  0.8529523   0.77262797]
 [ 0.          0.          0.          1.        ]]"
sun3d-hotel_umd-maryland_hotel3,25,27,3,30,0.20419766805502756,0.23046651432295476,0.022465966547620685,0.02186874540600948,"[[-0.44614638 -0.85749804  0.25622356 -0.68561177]
 [-0.81288134  0.50803768  0.28481863 -1.75494905]
 [-0.37440264 -0.08120855 -0.92370332  3.73979363]
 [ 0.          0.          0.          1.        ]]","[[-0.59561798 -0.75513718  0.27387418 -0.84446993]
 [-0.69158439  0.6555087   0.30334695 -1.82328193]
 [-0.40859547 -0.00872821 -0.91267385  3.64912048]
 [ 0.          0.          0.          1.        ]]"
sun3d-hotel_umd-maryland_hotel3,21,28,24,30,0.9497660765067425,0.9681252484481546,0.015581931201237615,0.01181992318043497,"[[ 0.69763374 -0.31646716  0.64277189  0.14043108]
 [ 0.45449787  0.88901166 -0.05558745 -0.38201379]
 [-0.5538401   0.33091813  0.76403817  0.58112519]
 [ 0.          0.          0.          1.        ]]","[[ 0.6466098  -0.37814228  0.66249844  0.07833069]
 [ 0.49260172  0.87011042  0.01585579 -0.48769381]
 [-0.58244254  0.31609536  0.74889546  0.58696937]
 [ 0.          0.          0.          1.        ]]"
sun3d-hotel_umd-maryland_hotel3,31,33,10,30,0.4883690414956489,0.533822155506335,0.023150617694812838,0.02304111753831121,"[[ 0.82881382  0.55767048  0.04551151 -0.49048427]
 [-0.34767024  0.57702252 -0.73903343  0.41541149]
 [-0.43839829  0.59669812  0.67212967 -0.05820009]
 [ 0.          0.          0.          1.        ]]","[[ 0.84754601  0.52799353  0.05374564 -0.48825465]
 [-0.36521187  0.65371172 -0.66278298  0.21511418]
 [-0.38507928  0.54211052  0.74688026 -0.12129655]
 [ 0.          0.          0.          1.        ]]"
sun3d-home_md-home_md_scan9_2012_sep_30,20,23,117,30,0.6011318831639085,0.6147305742563635,0.01936228347977614,0.019045565638995548,"[[ 0.96209282 -0.21980602  0.16143954 -0.03112164]
 [ 0.22907458  0.97254483 -0.04100481 -0.04206054]
 [-0.14799408  0.07643213  0.98603037  0.14863788]
 [ 0.          0.          0.          1.        ]]","[[ 0.95652163 -0.23029498  0.17897092 -0.00233688]
 [ 0.23735571  0.97124094 -0.01879611 -0.05082842]
 [-0.16949524  0.06045866  0.9836748   0.1160492 ]
 [ 0.          0.          0.          1.        ]]"
sun3d-home_md-home_md_scan9_2012_sep_30,17,22,65,30,0.9756644443780084,0.9861281353702652,0.01711935019209675,0.015495632791422676,"[[ 0.66732411 -0.28704165  0.6872304  -0.69059064]
 [ 0.25275655  0.95526627  0.15355937 -0.20383092]
 [-0.70056596  0.07122811  0.71002387  0.66212741]
 [ 0.          0.          0.          1.        ]]","[[ 0.75869767 -0.23938798  0.60586405 -0.63367119]
 [ 0.19190483  0.97089468  0.14330405 -0.18827463]
 [-0.62253545  0.00754379  0.78255524  0.63071936]
 [ 0.          0.          0.          1.        ]]"
sun3d-home_md-home_md_scan9_2012_sep_30,53,59,13,30,0.12844693848768937,0.15131271294007614,0.024634808454533384,0.023690904644533287,"[[ 0.60113457 -0.778821    0.17909518 -0.04896704]
 [-0.0811568   0.16345413  0.98320716 -1.54274287]
 [-0.79501623 -0.6055746   0.03505131  1.31435503]
 [ 0.          0.          0.          1.        ]]","[[ 0.53106612 -0.84317468  0.08381663  0.16214848]
 [-0.06058727  0.06087832  0.99630468 -1.56033833]
 [-0.8451615  -0.53418188 -0.01875524  1.38090131]
 [ 0.          0.          0.          1.        ]]"
sun3d-home_md-home_md_scan9_2012_sep_30,40,49,8,30,0.5259900931095145,0.5694316648629578,0.017971482866312664,0.014454464017672385,"[[ 0.89006983 -0.40080591  0.21709517  0.05907456]
 [ 0.26983377  0.84715185  0.45773735 -0.57404702]
 [-0.36737641 -0.3488386   0.86217527  0.77891092]
 [ 0.          0.          0.          1.        ]]","[[ 0.92283437 -0.34138693  0.17841439  0.15827624]
 [ 0.25295522  0.88640141  0.38769342 -0.50226561]
 [-0.29050024 -0.31264596  0.90435729  0.71287009]
 [ 0.          0.          0.          1.        ]]"
sun3d-home_md-home_md_scan9_2012_sep_30,4,38,2,30,0.5358931868500231,0.6030190556259918,0.021275703578225995,0.020813088885603664,"[[ 0.97627523 -0.19828002  0.08701561 -0.80749592]
 [ 0.19046187  0.97751121  0.09053242 -0.08105041]
 [-0.10300951 -0.0718114   0.99208476  0.2139587 ]
 [ 0.          0.          0.          1.        ]]","[[ 0.98035666 -0.13627213  0.14258586 -0.95424411]
 [ 0.12077961  0.98631637  0.11221541 -0.10811898]
 [-0.1559266  -0.09278966  0.98340072  0.21056892]
 [ 0.          0.          0.          1.        ]]"
sun3d-home_md-home_md_scan9_2012_sep_30,35,37,46,30,0.6297116719288278,0.6620685687161526,0.01621711973611328,0.015801700894532908,"[[ 0.74387037 -0.64607521  0.17100787 -0.05972462]
 [ 0.58684626  0.75387492  0.29543878 -0.74002037]
 [-0.31979422 -0.11941283  0.93993204  0.95478757]
 [ 0.          0.          0.          1.        ]]","[[ 0.74496711 -0.61118652  0.26734818 -0.19567665]
 [ 0.55531585  0.79022895  0.25915732 -0.70460805]
 [-0.36965973 -0.044601    0.92809613  0.99051575]
 [ 0.          0.          0.          1.        ]]"
sun3d-home_md-home_md_scan9_2012_sep_30,17,20,31,30,0.9036166310916033,0.9586026515948651,0.02048733254747235,0.01927560921356236,"[[-0.52960026  0.78079959 -0.33147483 -0.20897003]
 [-0.55173451 -0.02026614  0.83377354 -0.85302169]
 [ 0.64429232  0.62445279  0.44152703  0.94586545]
 [ 0.          0.          0.          1.        ]]","[[-0.49513422  0.84753923 -0.19110038 -0.29826461]
 [-0.58783524 -0.16483485  0.7920096  -0.80191899]
 [ 0.63975921  0.50448659  0.5798288   0.86404256]
 [ 0.          0.          0.          1.        ]]"
sun3d-home_md-home_md_scan9_2012_sep_30,21,58,21,30,0.1462792860682838,0.16102160940141347,0.02226194490407663,0.021761725140731852,"[[ 0.99870874  0.0058096   0.05046881 -0.02356226]
 [-0.01391812  0.98671942  0.16183653 -0.81371161]
 [-0.04885835 -0.16232999  0.98552617 -2.48399752]
 [ 0.          0.          0.          1.        ]]","[[ 0.99067651 -0.00836742  0.13597811 -0.35740172]
 [-0.02418773  0.97145211  0.23599949 -1.08425991]
 [-0.13407093 -0.23708815  0.96219239 -2.38904916]
 [ 0.          0.          0.          1.        ]]"
sun3d-home_md-home_md_scan9_2012_sep_30,11,33,2,30,0.5825033392581063,0.6283852715053481,0.021333929856660775,0.016081910773545798,"[[ 0.4315768  -0.28143864  0.85704945 -2.35018688]
 [ 0.73997773  0.65383079 -0.15791851 -0.16726035]
 [-0.51592095  0.70235147  0.49043652  0.86072556]
 [ 0.          0.          0.          1.        ]]","[[ 0.44573879 -0.32341442  0.83469758 -2.2422783 ]
 [ 0.72175417  0.68141969 -0.12140071 -0.23232291]
 [-0.52951662  0.65655946  0.53716089  0.74224515]
 [ 0.          0.          0.          1.        ]]"
sun3d-home_md-home_md_scan9_2012_sep_30,40,47,1569,30,0.7964509188527664,0.7954837054144214,0.014205161669006138,0.01254104647050202,"[[ 0.98443584 -0.03807553  0.17157018 -0.06524677]
 [ 0.04065768  0.99910626 -0.01156017 -0.04654122]
 [-0.17097668  0.0183559   0.98510407  0.16128484]
 [ 0.          0.          0.          1.        ]]","[[ 0.98591065 -0.04258188  0.16176208 -0.02003836]
 [ 0.04182687  0.99909227  0.00807151 -0.08367229]
 [-0.16195895 -0.00119179  0.98679678  0.13175128]
 [ 0.          0.          0.          1.        ]]"
sun3d-home_md-home_md_scan9_2012_sep_30,23,58,4,30,0.10657039858245586,0.13156751325553134,0.022173433757252142,0.022830204932488486,"[[ 0.76281737  0.59039471 -0.26371149 -0.27907426]
 [ 0.64037227 -0.63324177  0.43465873 -0.82240793]
 [ 0.08962708 -0.50043875 -0.86112022  2.26831206]
 [ 0.          0.          0.          1.        ]]","[[ 0.79007129  0.5868737  -0.17710623 -0.42255629]
 [ 0.60718041 -0.70941472  0.35785851 -0.61317085]
 [ 0.08437598 -0.39026916 -0.91682641  2.38443914]
 [ 0.          0.          0.          1.        ]]"
sun3d-home_md-home_md_scan9_2012_sep_30,19,55,53,30,0.4228088407591032,0.448736703448002,0.01934320698257715,0.01552926802797922,"[[ 0.99313159 -0.0687665   0.09466157 -0.32736206]
 [ 0.07150827  0.99710423 -0.02587908  0.44706542]
 [-0.09260784  0.03247042  0.99517308 -1.75773408]
 [ 0.          0.          0.          1.        ]]","[[ 0.96624565 -0.09800574  0.23825243 -0.71214079]
 [ 0.10575429  0.99419258 -0.01992865  0.3812929 ]
 [-0.23491568  0.04445218  0.97099878 -1.65629964]
 [ 0.          0.          0.          1.        ]]"
sun3d-home_md-home_md_scan9_2012_sep_30,39,47,172,30,0.8619095556739899,0.8640769033378733,0.014592275566669909,0.013435238638739315,"[[ 0.99029772  0.01154996  0.13848111 -0.09906992]
 [-0.03062865  0.99017409  0.13644467 -0.09027642]
 [-0.13554448 -0.13936234  0.98092091  0.40801116]
 [ 0.          0.          0.          1.        ]]","[[ 0.99071752 -0.00779705  0.13571296 -0.06998438]
 [-0.01386472  0.98735143  0.15793963 -0.13414851]
 [-0.13522785 -0.15835518  0.97807825  0.41694934]
 [ 0.          0.          0.          1.        ]]"
sun3d-home_md-home_md_scan9_2012_sep_30,10,36,6,30,0.5639035413198553,0.6608836920114723,0.02238736640567734,0.022569065570363762,"[[ 0.24794838 -0.38385075  0.88948311 -1.58091364]
 [ 0.31599896  0.89998199  0.30029499 -1.21469728]
 [-0.91578723  0.20661808  0.34444551  1.09826132]
 [ 0.          0.          0.          1.        ]]","[[ 0.26024253 -0.41046437  0.87395242 -1.49587724]
 [ 0.31521735  0.89166461  0.32491882 -1.23198539]
 [-0.91264004  0.19092727  0.36143455  1.09433788]
 [ 0.          0.          0.          1.        ]]"
sun3d-home_md-home_md_scan9_2012_sep_30,38,46,22,30,0.6392410187054745,0.6627038172882777,0.01433008764580664,0.013339709040344976,"[[ 0.9411569   0.00573135  0.33792135 -0.2160048 ]
 [ 0.10518556  0.94523148 -0.30898778  0.00831671]
 [-0.32118481  0.32635043  0.88900828 -0.20235388]
 [ 0.          0.          0.          1.        ]]","[[ 0.93548401  0.03606609  0.35152369 -0.25802474]
 [ 0.0679549   0.95784928 -0.27911804 -0.07855385]
 [-0.34677341  0.28499822  0.89360182 -0.17849685]
 [ 0.          0.          0.          1.        ]]"
sun3d-hotel_umd-maryland_hotel1,40,56,3,30,0.2959568254644547,0.31217213005618727,0.02445777215960198,0.02439568070396843,"[[ 0.00547768  0.15726245 -0.98754165  2.91224479]
 [-0.41946748 -0.89611027 -0.14502903  1.63570415]
 [-0.90775384  0.41503603  0.06105787  2.20242527]
 [ 0.          0.          0.          1.        ]]","[[-0.04468008  0.13596451 -0.98970568  3.00730568]
 [-0.39333097 -0.91306948 -0.10767947  1.5083728 ]
 [-0.91831065  0.38447077  0.09427507  2.14044906]
 [ 0.          0.          0.          1.        ]]"
sun3d-hotel_umd-maryland_hotel1,38,40,11,30,0.35993629233404456,0.3645941641373922,0.02241982331974676,0.022062512229765945,"[[ 0.74472046  0.18883148  0.64010476 -0.69097198]
 [-0.27327989  0.96132096  0.03435292 -0.05699447]
 [-0.60885921 -0.20051108  0.76751923  0.82500986]
 [ 0.          0.          0.          1.        ]]","[[ 0.75138826  0.18279247  0.63403675 -0.70766232]
 [-0.2908553   0.95423336  0.06958364 -0.0802989 ]
 [-0.59229966 -0.23669728  0.7701659   0.83273206]
 [ 0.          0.          0.          1.        ]]"
sun3d-hotel_umd-maryland_hotel1,19,21,25,30,0.9098738529414727,0.913594133507036,0.012752760755987405,0.011533956762119326,"[[ 0.90306062 -0.20008362  0.38006324  0.32640704]
 [ 0.14848382  0.97574272  0.1608686  -0.04751178]
 [-0.40303111 -0.08884085  0.910864    0.06124925]
 [ 0.          0.          0.          1.        ]]","[[ 0.89670899 -0.17093942  0.40828018  0.27703502]
 [ 0.12363058  0.98243204  0.13979545 -0.00779437]
 [-0.42500408 -0.07487992  0.90208898  0.0668758 ]
 [ 0.          0.          0.          1.        ]]"
sun3d-hotel_umd-maryland_hotel1,33,35,160,30,0.894878447966149,0.9100155682407888,0.015700337669904616,0.012298526183891583,"[[ 0.92216322 -0.20969797  0.32502577 -0.26906108]
 [ 0.29557107  0.92405062 -0.2424215   0.00502293]
 [-0.24950497  0.31962041  0.91410616  0.04862546]
 [ 0.          0.          0.          1.        ]]","[[ 0.94382943 -0.205449    0.25879859 -0.13488205]
 [ 0.26491972  0.93859301 -0.22104459 -0.04630379]
 [-0.19749316  0.27718923  0.9402992   0.00950598]
 [ 0.          0.          0.          1.        ]]"
sun3d-hotel_umd-maryland_hotel1,11,13,2,30,0.7740601772705855,0.8056363461438837,0.015181638094613667,0.013086826796462987,"[[ 0.99109768 -0.08294356  0.10414293 -0.29830921]
 [ 0.05081898  0.95868221  0.27990329 -0.20003831]
 [-0.12305615 -0.27211907  0.95436282  0.22226322]
 [ 0.          0.          0.          1.        ]]","[[ 0.99231981 -0.08814278  0.08678852 -0.2409863 ]
 [ 0.06643833  0.97159819  0.22711868 -0.03982717]
 [-0.10434244 -0.21960828  0.96999219  0.22320544]
 [ 0.          0.          0.          1.        ]]"
sun3d-hotel_umd-maryland_hotel1,5,18,28,30,0.5041093161889195,0.5114142402547002,0.014251962783266807,0.012973526273884425,"[[ 0.89416823 -0.19451371  0.40327112  0.13270584]
 [ 0.2098869   0.97770597  0.00620678  0.06374222]
 [-0.39548788  0.07909142  0.9150595  -0.27444565]
 [ 0.          0.          0.          1.        ]]","[[ 0.88428008 -0.21665059  0.41365596  0.08885875]
 [ 0.24887751  0.96821401 -0.02493206  0.15674895]
 [-0.39510595  0.12499659  0.91009183 -0.25738335]
 [ 0.          0.          0.          1.        ]]"
sun3d-hotel_umd-maryland_hotel1,1,15,81,30,0.8837838552242356,0.8902935741456744,0.016615393035642075,0.014589817598537929,"[[ 0.87998851 -0.32560517  0.34583449  0.03259293]
 [ 0.29571568  0.94531918  0.13756412 -0.47625074]
 [-0.37171556 -0.01878617  0.92815657  0.52849835]
 [ 0.          0.          0.          1.        ]]","[[ 0.8892064  -0.30819361  0.33812525  0.06327224]
 [ 0.30351837  0.95039145  0.06806384 -0.37662863]
 [-0.34232818  0.04210442  0.93863658  0.50695451]
 [ 0.          0.          0.          1.        ]]"
sun3d-hotel_umd-maryland_hotel1,38,41,147,30,0.8396023750750551,0.8533991593835479,0.014296901271027956,0.013407551270556615,"[[ 0.95108133 -0.30876432  0.0104358   0.232047  ]
 [ 0.29270758  0.9113988   0.28926544 -0.46920273]
 [-0.09882602 -0.27206032  0.95719204  0.58446003]
 [ 0.          0.          0.          1.        ]]","[[ 0.95864428 -0.28446054  0.00912947  0.22899336]
 [ 0.2742311   0.93180212  0.23778585 -0.40342322]
 [-0.07614755 -0.22544847  0.9712747   0.59077099]
 [ 0.          0.          0.          1.        ]]"
sun3d-hotel_umd-maryland_hotel1,3,12,13,30,0.790086330284905,0.8304883009657541,0.018667492149675228,0.015412533096292654,"[[ 0.73162632 -0.05982001  0.6790762  -1.65606617]
 [ 0.32752538  0.90448431 -0.27319456 -0.01318956]
 [-0.59787127  0.42229102  0.6813371   0.80831541]
 [ 0.          0.          0.          1.        ]]","[[ 0.74512119 -0.13717814  0.65266881 -1.59838725]
 [ 0.32028679  0.93198388 -0.16977165 -0.24415332]
 [-0.58498785  0.33554165  0.73837728  0.69202041]
 [ 0.          0.          0.          1.        ]]"
sun3d-hotel_umd-maryland_hotel1,13,29,3,30,0.37987647405714875,0.4319636779747809,0.020973983758899806,0.01885941331198475,"[[ 0.73918058  0.1506466  -0.6564432   1.45990658]
 [-0.12820136  0.98831511  0.08244789 -0.35496172]
 [ 0.66119323  0.02321303  0.74985643  0.61312341]
 [ 0.          0.          0.          1.        ]]","[[ 0.7378267   0.2336298  -0.63326841  1.42502743]
 [-0.23457923  0.96846253  0.08398158 -0.36356714]
 [ 0.63291733  0.08658776  0.76936221  0.51361256]
 [ 0.          0.          0.          1.        ]]"
sun3d-hotel_umd-maryland_hotel1,1,16,2,30,0.3734432462809579,0.44081047703153053,0.02309995838268707,0.021882743632640752,"[[ 0.8590754  -0.36456505 -0.35927952  0.84884971]
 [ 0.14302755  0.84494249 -0.5153788   0.59577833]
 [ 0.49145963  0.39136238  0.77801216  0.26061608]
 [ 0.          0.          0.          1.        ]]","[[ 0.89663908 -0.35808073 -0.2604161   0.56602341]
 [ 0.16881817  0.82021975 -0.54657112  0.68289323]
 [ 0.40931501  0.44611406  0.79589161  0.27994183]
 [ 0.          0.          0.          1.        ]]"
sun3d-hotel_uc-scan3,1,45,28,30,0.8229642728462253,0.8532560256385944,0.017571484673862898,0.012159607576399093,"[[ 0.99882988  0.03296776 -0.03538365  0.49937057]
 [-0.02328695  0.96909819  0.24557363 -0.31771273]
 [ 0.04238625 -0.2444623   0.96873195 -0.3908516 ]
 [ 0.          0.          0.          1.        ]]","[[ 0.99428248 -0.02357373 -0.10414716  0.65417478]
 [ 0.04567293  0.97549443  0.21523152 -0.21791887]
 [ 0.09652117 -0.21875764  0.9709937  -0.41019306]
 [ 0.          0.          0.          1.        ]]"
sun3d-hotel_uc-scan3,7,37,27,30,0.8172473384013396,0.836395626829989,0.01377077023437316,0.011911240710532872,"[[ 0.9547521  -0.09505408  0.28180337 -1.04845921]
 [ 0.11232244  0.99261886 -0.04573264  0.0168904 ]
 [-0.27537627  0.07531618  0.95838165 -0.09846326]
 [ 0.          0.          0.          1.        ]]","[[ 0.95514682 -0.14198542  0.25987438 -0.99837474]
 [ 0.15239112  0.98811312 -0.02023378 -0.07902635]
 [-0.25391238  0.05892878  0.96543042 -0.10174229]
 [ 0.          0.          0.          1.        ]]"
sun3d-hotel_uc-scan3,31,33,11,30,0.2875233663445094,0.3250686075647298,0.021113745609539436,0.019055749805303925,"[[ 0.98388926 -0.15854298  0.08261984  0.28568082]
 [ 0.16189697  0.98616632 -0.03557187  0.65419468]
 [-0.07583724  0.04837469  0.99594608 -1.09986043]
 [ 0.          0.          0.          1.        ]]","[[ 0.991661   -0.12747316  0.01894872  0.432487  ]
 [ 0.12864965  0.98784554 -0.08723793  0.68537519]
 [-0.00759792  0.0889482   0.99600727 -1.00937874]
 [ 0.          0.          0.          1.        ]]"
sun3d-hotel_uc-scan3,10,45,17,30,0.8181712589839379,0.8822084842508486,0.017173615094644636,0.013794358872849688,"[[ 0.86866291  0.12409697 -0.4796089   1.03871414]
 [-0.13356004  0.99093467  0.01449794 -0.03002393]
 [ 0.47706024  0.05146276  0.87736259  0.17944942]
 [ 0.          0.          0.          1.        ]]","[[ 0.894059    0.08116641 -0.44053435  0.8832654 ]
 [-0.10616622  0.99382183 -0.03235598  0.14358861]
 [ 0.43518644  0.07569802  0.89715248  0.13252121]
 [ 0.          0.          0.          1.        ]]"
sun3d-hotel_uc-scan3,4,37,11,30,0.5371773175383459,0.5508278041922977,0.02167322456000129,0.02096588307087835,"[[ 0.98302496  0.17170866  0.06463796  0.2053503 ]
 [-0.18309807  0.94060203  0.28590719 -0.2866726 ]
 [-0.01170586 -0.29288899  0.95607479 -0.31664693]
 [ 0.          0.          0.          1.        ]]","[[ 0.98789546  0.14667134  0.05049828  0.27067681]
 [-0.15496905  0.94757748  0.27943069 -0.28982824]
 [-0.00686657 -0.28387398  0.95883701 -0.31735175]
 [ 0.          0.          0.          1.        ]]"
sun3d-hotel_uc-scan3,4,36,11,30,0.4919762617625844,0.567155340826706,0.01959812938969215,0.015798401449783082,"[[ 0.98231361 -0.18670192  0.01422511 -0.42180648]
 [ 0.17846212  0.95653354  0.2306401  -0.04742208]
 [-0.05666775 -0.22402227  0.97293514 -0.90534125]
 [ 0.          0.          0.          1.        ]]","[[ 0.98574437 -0.13054196  0.10614535 -0.62988821]
 [ 0.10657583  0.97263634  0.20644645  0.01042485]
 [-0.13019075 -0.1921909   0.97268341 -0.83607781]
 [ 0.          0.          0.          1.        ]]"
sun3d-hotel_uc-scan3,47,52,31,30,0.7041946624066157,0.7131493837021723,0.013271767382111157,0.0118358181519241,"[[ 0.95364473  0.07198132 -0.29219928 -0.23221552]
 [-0.09020431  0.99469931 -0.0493605  -0.22479346]
 [ 0.28709739  0.07343002  0.95508278 -0.11929256]
 [ 0.          0.          0.          1.        ]]","[[ 0.95309619  0.08565966 -0.2902931  -0.22967135]
 [-0.11527488  0.98956261 -0.08647278 -0.09498115]
 [ 0.27985597  0.11588038  0.95302276 -0.11165875]
 [ 0.          0.          0.          1.        ]]"
sun3d-hotel_uc-scan3,0,36,6,30,0.38599539919458237,0.4363349253522088,0.02208362963349737,0.020252580485447338,"[[ 0.95566178  0.2228278   0.19250541 -0.54884631]
 [-0.23460221  0.97125129  0.04040703  0.05326413]
 [-0.17796732 -0.08377765  0.98046363  0.14907017]
 [ 0.          0.          0.          1.        ]]","[[ 0.97118855  0.16112572  0.17558846 -0.52313009]
 [-0.1762343   0.98155899  0.07405009 -0.02599163]
 [-0.16041906 -0.10286131  0.98167473  0.07044161]
 [ 0.          0.          0.          1.        ]]"
sun3d-hotel_uc-scan3,39,41,195,30,0.8255824301874851,0.8401085752709437,0.019644053673527125,0.016927802631478358,"[[ 0.99476504  0.0658045  -0.07818107  0.34515589]
 [-0.04175455  0.96002843  0.27677061 -0.18894282]
 [ 0.0932688  -0.27205731  0.95775036 -0.18165087]
 [ 0.          0.          0.          1.        ]]","[[ 0.99514366  0.07440599 -0.06444257  0.31083095]
 [-0.05015398  0.94660653  0.3184661  -0.20856369]
 [ 0.08469754 -0.31368747  0.94574124 -0.18442063]
 [ 0.          0.          0.          1.        ]]"
sun3d-hotel_uc-scan3,2,54,68,30,0.8404310705088845,0.8392217197528068,0.013313531654711159,0.012501511288741302,"[[ 0.9322517   0.21515086 -0.29088979  0.5525237 ]
 [-0.2301676   0.97298454 -0.01799883  0.06384795]
 [ 0.27915881  0.08373285  0.95658725  0.0839405 ]
 [ 0.          0.          0.          1.        ]]","[[ 0.92961426  0.20949652 -0.30319719  0.58316604]
 [-0.21944816  0.97562333  0.00127822  0.02199814]
 [ 0.29607403  0.06534781  0.95292698  0.0799887 ]
 [ 0.          0.          0.          1.        ]]"
sun3d-hotel_uc-scan3,23,50,2,30,0.40859654021958,0.436451887887829,0.022178501918080636,0.02164881493993597,"[[ 0.70934664  0.56316179 -0.42388224  0.41100169]
 [-0.70399681  0.59580204 -0.38653384  0.45534799]
 [ 0.03486881  0.57259823  0.81909428  0.64198217]
 [ 0.          0.          0.          1.        ]]","[[ 0.68448967  0.63159363 -0.36409254  0.22781764]
 [-0.72874051  0.57889167 -0.3658165   0.42916193]
 [-0.02027723  0.51572659  0.85651323  0.5747039 ]
 [ 0.          0.          0.          1.        ]]"
7-scenes-redkitchen,46,48,22,30,0.7451160286007759,0.8485594902121124,0.02035376882468753,0.016166520007571263,"[[ 0.95730408  0.0659508   0.28145938 -0.51286584]
 [-0.11101177  0.98284577  0.1472772  -0.15272387]
 [-0.26691812 -0.17223437  0.94820359  0.19318481]
 [ 0.          0.          0.          1.        ]]","[[ 0.91898825 -0.00777524  0.39420824 -0.67419493]
 [-0.00974406  0.99905233  0.04242057 -0.03243212]
 [-0.39416449 -0.0428252   0.91804159  0.31807452]
 [ 0.          0.          0.          1.        ]]"
7-scenes-redkitchen,9,25,5,30,0.49123620426614373,0.5472023207220302,0.022397536357464744,0.021083849983567833,"[[ 0.8354437  -0.40041198 -0.37643602  0.99304239]
 [ 0.41638963  0.90821799 -0.04194942  0.28745943]
 [ 0.35868302 -0.12169767  0.92549239  0.3271633 ]
 [ 0.          0.          0.          1.        ]]","[[ 0.84297544 -0.34179155 -0.41541659  1.08379528]
 [ 0.33814496  0.93725061 -0.08496638  0.38602409]
 [ 0.41839024 -0.06884646  0.90565434  0.37516892]
 [ 0.          0.          0.          1.        ]]"
7-scenes-redkitchen,13,40,60,30,0.4772317465815918,0.48618254810205275,0.014778058939045338,0.013612586095799855,"[[ 0.97773411  0.2076861  -0.03004142 -0.61313606]
 [-0.20600337  0.92266047 -0.32597587  0.4728067 ]
 [-0.03998263  0.32490637  0.94490065 -0.80969   ]
 [ 0.          0.          0.          1.        ]]","[[ 0.98843896  0.1408452  -0.0561343  -0.52011133]
 [-0.1515183   0.93110331 -0.33179636  0.44213027]
 [ 0.00553491  0.33646582  0.94167941 -0.84437909]
 [ 0.          0.          0.          1.        ]]"
7-scenes-redkitchen,41,44,7,30,0.7873316609453394,0.8848032743596514,0.020171191446402312,0.015007077782115893,"[[ 0.97336973 -0.16773816  0.15625389  0.3411797 ]
 [ 0.10659633  0.93462457  0.33928474 -0.60351789]
 [-0.20294972 -0.3135934   0.92761554  1.40530007]
 [ 0.          0.          0.          1.        ]]","[[ 0.97216598 -0.08500501  0.21832876  0.24414369]
 [ 0.04649138  0.98332117  0.17583525 -0.28069219]
 [-0.22963417 -0.16079064  0.95990339  1.31360022]
 [ 0.          0.          0.          1.        ]]"
7-scenes-redkitchen,3,45,5,30,0.5697119956049219,0.6270170520577276,0.022868315863498873,0.022331186299404088,"[[ 0.92930638 -0.28260655 -0.23774607  0.34446771]
 [ 0.3276737   0.92790532  0.1778248  -0.3807975 ]
 [ 0.17035139 -0.24315685  0.95491107  0.25833062]
 [ 0.          0.          0.          1.        ]]","[[ 0.89517931 -0.3408409  -0.2871959   0.44245114]
 [ 0.3736159   0.925194    0.06653739 -0.21398709]
 [ 0.24303326 -0.16686385  0.9555581   0.28891922]
 [ 0.          0.          0.          1.        ]]"
7-scenes-redkitchen,16,19,13,30,0.7715827449811541,0.7940487944213657,0.01839695932579289,0.015016113186627206,"[[ 0.96623972  0.15052795 -0.20909842  0.69618725]
 [-0.18225114  0.97298242 -0.14173827  0.1353024 ]
 [ 0.18211351  0.17506157  0.96756814 -0.34789131]
 [ 0.          0.          0.          1.        ]]","[[ 0.95453143  0.13651746 -0.26501459  0.83142322]
 [-0.18151816  0.97134587 -0.15342218  0.16822729]
 [ 0.23647602  0.19455126  0.95196056 -0.28452286]
 [ 0.          0.          0.          1.        ]]"
7-scenes-redkitchen,17,36,10,30,0.704251419814764,0.7399422237638422,0.01897313280654548,0.015854541263159223,"[[ 0.94969348 -0.30558178  0.06857157 -0.71530131]
 [ 0.28998835  0.94071583  0.17595591 -0.47162815]
 [-0.11827528 -0.14721922  0.98200685  0.33050073]
 [ 0.          0.          0.          1.        ]]","[[ 0.9637212  -0.2550319   0.07874127 -0.76647388]
 [ 0.23963951  0.95665268  0.16549491 -0.45779646]
 [-0.11753453 -0.14062143  0.98306218  0.28957851]
 [ 0.          0.          0.          1.        ]]"
7-scenes-redkitchen,17,59,21,30,0.8562637152943422,0.8625170944248323,0.01632291516433924,0.0133665071077316,"[[ 0.96902792 -0.07920315  0.23390542 -0.61492991]
 [ 0.04418294  0.98749454  0.15133541  0.16888333]
 [-0.24296657 -0.13631361  0.96040921  0.03534557]
 [ 0.          0.          0.          1.        ]]","[[ 0.97744654 -0.07639985  0.19687898 -0.53758248]
 [ 0.04983524  0.98938333  0.13651768  0.23138221]
 [-0.20521871 -0.12362722  0.97087671  0.00343257]
 [ 0.          0.          0.          1.        ]]"
7-scenes-redkitchen,55,59,2,30,0.6371807715548771,0.6716081480774735,0.020688935239997864,0.018646861538187166,"[[ 0.9762584   0.15852035 -0.14761722  0.270138  ]
 [-0.14389354  0.98400172  0.10504885  0.24374754]
 [ 0.16190798 -0.08131366  0.98345    -0.10907289]
 [ 0.          0.          0.          1.        ]]","[[ 0.97494408  0.16793125 -0.14588742  0.2110047 ]
 [-0.15040562  0.98083014  0.12389667  0.17737664]
 [ 0.1638969  -0.09885004  0.98151234 -0.15068652]
 [ 0.          0.          0.          1.        ]]"
7-scenes-redkitchen,11,14,16,30,0.8264404749565237,0.8747883771550979,0.017837631925995388,0.015114746282275764,"[[ 0.99680193  0.06787338  0.04217958 -1.0086746 ]
 [-0.07192763  0.99202557  0.10349729 -0.20126238]
 [-0.03481851 -0.10620017  0.99373497  0.5078565 ]
 [ 0.          0.          0.          1.        ]]","[[ 0.99810148  0.05252552 -0.03216363 -0.88643961]
 [-0.05003255  0.99600676  0.07394099 -0.1384084 ]
 [ 0.03591898 -0.07219138  0.99674381  0.52691639]
 [ 0.          0.          0.          1.        ]]"
7-scenes-redkitchen,5,26,3,30,0.4324814944444154,0.4840201850294365,0.023793526424351997,0.02319156638776193,"[[-0.63719623 -0.40434737  0.65611292 -2.03093842]
 [ 0.46010592 -0.88254383 -0.09705117 -0.06797444]
 [ 0.6182908   0.2400408   0.74839622  0.82498941]
 [ 0.          0.          0.          1.        ]]","[[-0.66790354 -0.41239011  0.61954762 -1.9536346 ]
 [ 0.4351447  -0.8917185  -0.12444758 -0.05041385]
 [ 0.60378303  0.18647388  0.77503132  0.75225867]
 [ 0.          0.          0.          1.        ]]"
7-scenes-redkitchen,2,31,5,30,0.7376593417952917,0.7858685658014287,0.01988708689298585,0.01757841262944459,"[[ 0.25070424  0.59956819 -0.760043    1.13019676]
 [-0.53877662  0.73870301  0.40501556 -1.27958235]
 [ 0.80428051  0.30795428  0.50822931  1.50721611]
 [ 0.          0.          0.          1.        ]]","[[ 0.17380223  0.54660195 -0.81915755  1.25620493]
 [-0.5289747   0.7534452   0.39052028 -1.24344353]
 [ 0.83064948  0.36544033  0.42008906  1.63188199]
 [ 0.          0.          0.          1.        ]]"
7-scenes-redkitchen,13,45,7,30,0.5116532959563873,0.5387774076082745,0.022856168444319452,0.02282126249176532,"[[ 0.97709237 -0.02621506 -0.21119485 -0.21997359]
 [-0.01677356  0.97981039 -0.1992241   0.38278116]
 [ 0.21215358  0.19820284  0.95692554  0.5590606 ]
 [ 0.          0.          0.          1.        ]]","[[ 0.97366904 -0.07759053 -0.21435556 -0.17987908]
 [ 0.03630479  0.98107153 -0.19021203  0.33653759]
 [ 0.22505679  0.17742143  0.95805588  0.53709746]
 [ 0.          0.          0.          1.        ]]"
sun3d-home_at-home_at_scan1_2013_jan_1,34,37,1,30,0.4791139008702659,0.5028328013320223,0.02125881740744066,0.0196915143570445,"[[ 0.99801147  0.00282807 -0.06296907  0.33481466]
 [ 0.01103838  0.97571375  0.21877117 -0.20103849]
 [ 0.06205848 -0.21903122  0.9737423   0.61796536]
 [ 0.          0.          0.          1.        ]]","[[ 0.99615579 -0.05315965 -0.06962532  0.32326794]
 [ 0.06806137  0.97006138  0.23312781 -0.27812657]
 [ 0.05514784 -0.23697041  0.96995038  0.6119131 ]
 [ 0.          0.          0.          1.        ]]"
sun3d-home_at-home_at_scan1_2013_jan_1,56,59,6,30,0.6109263880042308,0.6372168038941839,0.014201775015284709,0.01177967554733506,"[[ 0.75274667  0.2463417  -0.61048196  0.29357709]
 [-0.34020275  0.93948465 -0.0403816  -0.07360326]
 [ 0.56359076  0.23808476  0.79100007  0.36763013]
 [ 0.          0.          0.          1.        ]]","[[ 0.80125871  0.30337409 -0.51570209  0.1116044 ]
 [-0.36405084  0.93120842 -0.01782891 -0.1036252 ]
 [ 0.47481729  0.20202735  0.85658245  0.26109067]
 [ 0.          0.          0.          1.        ]]"
sun3d-home_at-home_at_scan1_2013_jan_1,53,58,22,30,0.4625796698964147,0.49590928498070996,0.022928764512689607,0.021392704700882594,"[[-0.93746759  0.08193681  0.33829111 -0.65203257]
 [ 0.19710553  0.92601977  0.3219267  -0.91106817]
 [-0.28688661  0.36847489 -0.88426372  3.0872902 ]
 [ 0.          0.          0.          1.        ]]","[[-9.56057401e-01 -8.45164831e-04  2.93178329e-01 -4.80300140e-01]
 [ 1.12957767e-01  9.21731800e-01  3.71013520e-01 -9.41995387e-01]
 [-2.70545356e-01  3.87826991e-01 -8.81133040e-01  3.07129696e+00]
 [ 0.00000000e+00  0.00000000e+00  0.00000000e+00  1.00000000e+00]]"
sun3d-home_at-home_at_scan1_2013_jan_1,25,29,6,30,0.3794059824383323,0.40766917349976795,0.023155768207778808,0.02198507866092777,"[[ 0.94016291 -0.31210873  0.13668153 -0.13123889]
 [ 0.31818199  0.94771208 -0.02453652  0.29624811]
 [-0.12187668  0.06655793  0.99031112 -0.10252294]
 [ 0.          0.          0.          1.        ]]","[[ 0.93996625 -0.32813883  0.09374624 -0.03332119]
 [ 0.3331321   0.94188275 -0.04335778  0.26591369]
 [-0.07407059  0.07198473  0.99465157 -0.1121622 ]
 [ 0.          0.          0.          1.        ]]"
sun3d-home_at-home_at_scan1_2013_jan_1,14,16,52,30,0.948306250217211,0.9518958181285592,0.016379389212675042,0.014747392290653348,"[[ 0.97774092  0.02941234 -0.20774411  0.39592542]
 [ 0.00537426  0.98629023  0.16493243 -0.62404495]
 [ 0.20974704 -0.16237765  0.96417824  0.24876298]
 [ 0.          0.          0.          1.        ]]","[[ 0.97632024  0.048059   -0.21092447  0.36890367]
 [-0.01848244  0.98997692  0.14001467 -0.57589015]
 [ 0.21553932 -0.13280075  0.96742274  0.23622422]
 [ 0.          0.          0.          1.        ]]"
sun3d-home_at-home_at_scan1_2013_jan_1,52,55,13,30,0.6205324613697124,0.6534307636855848,0.019529790499368777,0.017557433249752667,"[[ 0.96713326  0.12252007 -0.22280503  1.29167847]
 [-0.06436971  0.96568388  0.25161714 -0.37980202]
 [ 0.24598737 -0.22900541  0.94183158 -0.15373093]
 [ 0.          0.          0.          1.        ]]","[[ 0.96858006  0.08030907 -0.23537869  1.26442508]
 [-0.03746409  0.98274367  0.18113896 -0.22721339]
 [ 0.24586402 -0.16662934  0.95487462 -0.1798806 ]
 [ 0.          0.          0.          1.        ]]"
sun3d-home_at-home_at_scan1_2013_jan_1,33,41,5,30,0.3755335090376736,0.4233919601050977,0.019327123887673058,0.015842292053739198,"[[ 0.29628665 -0.51372438  0.80517171 -1.81423975]
 [ 0.39068536  0.83445767  0.38864553 -0.5198387 ]
 [-0.87153839  0.19941832  0.44794326  1.2194025 ]
 [ 0.          0.          0.          1.        ]]","[[ 0.31225124 -0.4960109   0.81022981 -1.83224183]
 [ 0.42057166  0.83691851  0.35026689 -0.42395765]
 [-0.85183252  0.23138842  0.46993697  1.264597  ]
 [ 0.          0.          0.          1.        ]]"
sun3d-home_at-home_at_scan1_2013_jan_1,31,33,5,30,0.49517303078362,0.5503070228945549,0.02411560712417923,0.019768880808526422,"[[ 0.97270078 -0.01311569  0.23169197 -0.56982553]
 [ 0.03831028  0.99377832 -0.10458003 -0.27385585]
 [-0.22887882  0.11060126  0.96715141  0.29171327]
 [ 0.          0.          0.          1.        ]]","[[ 0.98333478 -0.07004897  0.16776726 -0.37796926]
 [ 0.08949316  0.98975027 -0.11128962 -0.27467876]
 [-0.15825197  0.12444897  0.97952477  0.2849441 ]
 [ 0.          0.          0.          1.        ]]"
sun3d-home_at-home_at_scan1_2013_jan_1,12,17,4,30,0.44086016198368316,0.49629589414302144,0.02241487805686459,0.020657355892075933,"[[ 0.7642619   0.51422566 -0.38919882  0.34535077]
 [-0.34906549  0.83729651  0.42081806 -0.65310704]
 [ 0.54227025 -0.18575933  0.81941225  0.30719066]
 [ 0.          0.          0.          1.        ]]","[[ 0.74591156  0.4447245  -0.49581859  0.54983456]
 [-0.2295305   0.87045852  0.43545116 -0.74551224]
 [ 0.62524531 -0.21100256  0.75136291  0.43813444]
 [ 0.          0.          0.          1.        ]]"
sun3d-home_at-home_at_scan1_2013_jan_1,8,24,8,30,0.3552313192964715,0.39385676622485466,0.024619574932514404,0.023558691763860884,"[[-0.88189722  0.32063393 -0.34561709  0.25564057]
 [ 0.07764571  0.82187992  0.56434434 -0.95952607]
 [ 0.46500369  0.47085802 -0.74970947  3.79195257]
 [ 0.          0.          0.          1.        ]]","[[-0.84449813  0.37628065 -0.38109814  0.34803408]
 [ 0.12059805  0.82692356  0.54922994 -0.95840486]
 [ 0.52180363  0.41786396 -0.74371411  3.85226764]
 [ 0.          0.          0.          1.        ]]"
sun3d-home_at-home_at_scan1_2013_jan_1,24,26,12,30,0.6301450728598923,0.6396589089615241,0.01961320752594856,0.017935395562905708,"[[ 0.86994092  0.27674011 -0.40818831 -0.17684454]
 [-0.22506853  0.9592753   0.17068991 -0.20149032]
 [ 0.43880171 -0.05661979  0.89679834  0.1768251 ]
 [ 0.          0.          0.          1.        ]]","[[ 0.84681553  0.25817071 -0.46502832 -0.05921591]
 [-0.21120425  0.96563132  0.15148903 -0.14264924]
 [ 0.48815594 -0.0300673   0.87223835  0.20943372]
 [ 0.          0.          0.          1.        ]]"
sun3d-home_at-home_at_scan1_2013_jan_1,23,31,10,30,0.2965290862403566,0.3028144147299851,0.014329326695021932,0.012677541761595967,"[[ 0.97241143  0.19051025 -0.13461742 -0.78377535]
 [-0.17046416  0.97427139  0.14743554 -0.28720235]
 [ 0.15924188 -0.12042056  0.9798678   0.69667229]
 [ 0.          0.          0.          1.        ]]","[[ 0.98099423  0.12625214 -0.14734558 -0.76038617]
 [-0.10263702  0.98206731  0.15814373 -0.33922452]
 [ 0.16466926 -0.14001498  0.97636051  0.69998266]
 [ 0.          0.          0.          1.        ]]"
sun3d-mit_lab_hj-lab_hj_tea_nov_2_2012_scan1_erika,34,37,3257,30,0.9855698679276048,0.9852629458762145,0.012783902606231036,0.01220208386741712,"[[ 0.99536781  0.09235208 -0.026721   -0.00932233]
 [-0.09017548  0.99320286  0.07359663 -0.13459383]
 [ 0.03333617 -0.07084613  0.99693005 -0.05393905]
 [ 0.          0.          0.          1.        ]]","[[ 0.99581571  0.08570321 -0.03171796 -0.00729469]
 [-0.08372817  0.99473521  0.05908859 -0.08317596]
 [ 0.03661505 -0.05618566  0.99774872 -0.05949462]
 [ 0.          0.          0.          1.        ]]"
sun3d-mit_lab_hj-lab_hj_tea_nov_2_2012_scan1_erika,32,35,16,30,0.5635019872281517,0.5802401724564901,0.019608342449272738,0.018642186541551947,"[[ 0.64232746 -0.56901587  0.51345533 -1.32301589]
 [ 0.74456869  0.62214242 -0.24198405  1.16106841]
 [-0.18174957  0.53773576  0.82329056  0.0363845 ]
 [ 0.          0.          0.          1.        ]]","[[ 0.620678   -0.57000004  0.53838535 -1.40389715]
 [ 0.75595804  0.61725133 -0.21800972  1.07666814]
 [-0.20805352  0.54231057  0.81401043  0.02482376]
 [ 0.          0.          0.          1.        ]]"
sun3d-mit_lab_hj-lab_hj_tea_nov_2_2012_scan1_erika,33,36,730,30,0.84896334558661,0.8530388919682662,0.013053249460878252,0.01212641579105371,"[[ 0.99124854  0.02167677  0.13021697 -0.3350983 ]
 [ 0.00924833  0.97259876 -0.23230607 -0.04985491]
 [-0.13168451  0.23147734  0.96388663 -0.27328   ]
 [ 0.          0.          0.          1.        ]]","[[ 0.99168049  0.02281217  0.12668628 -0.33923528]
 [ 0.01154872  0.96443554 -0.26406576  0.04233411]
 [-0.12820466  0.26333192  0.95614845 -0.25364296]
 [ 0.          0.          0.          1.        ]]"
sun3d-mit_lab_hj-lab_hj_tea_nov_2_2012_scan1_erika,0,10,8,30,0.47829123892230246,0.514213370138658,0.022109289798659497,0.021716474322011684,"[[-0.98275504  0.01169328  0.18454211 -0.67303633]
 [-0.02771862  0.97740625 -0.20954402  0.79314553]
 [-0.18282287 -0.21104569 -0.9602268   6.30674062]
 [ 0.          0.          0.          1.        ]]","[[-0.98916756  0.03695526  0.14206283 -0.55102893]
 [ 0.00997524  0.98247669 -0.18611838  0.69156361]
 [-0.14645147 -0.18268515 -0.97220271  6.28190809]
 [ 0.          0.          0.          1.        ]]"
sun3d-mit_lab_hj-lab_hj_tea_nov_2_2012_scan1_erika,4,6,16,30,0.4290020513695023,0.4490075016258817,0.023233520208412378,0.02277790879178118,"[[ 0.94156666 -0.29315108 -0.16587546  0.07577   ]
 [ 0.27275149  0.95253929 -0.13518703  0.31276348]
 [ 0.19763311  0.08204483  0.97683663 -0.10619083]
 [ 0.          0.          0.          1.        ]]","[[ 0.95703441 -0.24393347 -0.15678518  0.07488609]
 [ 0.23010324  0.96788003 -0.10129537  0.21631973]
 [ 0.17645858  0.06086637  0.98242438 -0.10168948]
 [ 0.          0.          0.          1.        ]]"
sun3d-mit_lab_hj-lab_hj_tea_nov_2_2012_scan1_erika,26,28,3,30,0.3698934804738791,0.48954721824700137,0.027153289505367145,0.014554400761470285,"[[ 0.51868001 -0.17923082  0.83597091 -2.27485379]
 [-0.2803034  -0.95938538 -0.03177581  1.24445042]
 [ 0.80771347 -0.21784401 -0.54785302  3.93503036]
 [ 0.          0.          0.          1.        ]]","[[ 0.53072608 -0.20411425  0.82259784 -2.21377261]
 [-0.25512695 -0.96402518 -0.07460359  1.25225352]
 [ 0.80823268 -0.17027281 -0.56370835  3.94932778]
 [ 0.          0.          0.          1.        ]]"
sun3d-mit_lab_hj-lab_hj_tea_nov_2_2012_scan1_erika,35,37,290,30,0.8662659095922732,0.8636810504407209,0.016395569148648294,0.014103425991978618,"[[ 0.99508598  0.0953257  -0.02677491 -0.0342529 ]
 [-0.08645783  0.96831851  0.23427401 -0.33365427]
 [ 0.04825898 -0.23080789  0.97180183  0.0149763 ]
 [ 0.          0.          0.          1.        ]]","[[ 0.99383328  0.10628737 -0.0315977  -0.03473404]
 [-0.09776967  0.97438942  0.20250025 -0.21073968]
 [ 0.05231169 -0.19816219  0.97877231  0.00461251]
 [ 0.          0.          0.          1.        ]]"
sun3d-mit_lab_hj-lab_hj_tea_nov_2_2012_scan1_erika,14,16,24,30,0.8891743424283869,0.9290354105115747,0.015948875978102996,0.013063312129351636,"[[ 0.99573118  0.05375725 -0.07503047  0.16370448]
 [-0.04898102  0.99674018  0.06410836 -0.00949508]
 [ 0.07823217 -0.06015962  0.99511836  0.13406302]
 [ 0.          0.          0.          1.        ]]","[[ 0.99296696  0.02942233 -0.11467758  0.23019726]
 [-0.02136011  0.99725407  0.07090888 -0.05850538]
 [ 0.11644899 -0.06796065  0.9908688   0.16167647]
 [ 0.          0.          0.          1.        ]]"
sun3d-mit_lab_hj-lab_hj_tea_nov_2_2012_scan1_erika,31,36,2,30,0.32109082500484576,0.3516497716537843,0.023488759094261073,0.02269896367789855,"[[-0.38536341 -0.91969214  0.07524228 -0.45120709]
 [ 0.86597206 -0.38860579 -0.31476646  0.85193237]
 [ 0.31872783 -0.05614176  0.94618216  0.177685  ]
 [ 0.          0.          0.          1.        ]]","[[-0.36732025 -0.91864537  0.14548714 -0.5905386 ]
 [ 0.86504373 -0.39489513 -0.30944659  0.85570253]
 [ 0.34172384  0.01218674  0.9397214   0.24946316]
 [ 0.          0.          0.          1.        ]]"
sun3d-mit_lab_hj-lab_hj_tea_nov_2_2012_scan1_erika,3,5,16,30,0.6071494667378741,0.7180214573892628,0.020664035992796953,0.014871006319273995,"[[ 0.74220354  0.242331   -0.62482765  1.04963667]
 [-0.15209492  0.96891562  0.19511446 -0.43031242]
 [ 0.65268755 -0.04978153  0.75598992  1.20230227]
 [ 0.          0.          0.          1.        ]]","[[ 0.82461848  0.17080267 -0.53928732  0.85407778]
 [-0.10637018  0.98314027  0.14872994 -0.29337214]
 [ 0.55559855 -0.06528137  0.82888394  1.03374765]
 [ 0.          0.          0.          1.        ]]"
sun3d-mit_lab_hj-lab_hj_tea_nov_2_2012_scan1_erika,15,17,2,30,0.4477924447139429,0.5805541303232427,0.023828231295270223,0.019549738711175768,"[[ 0.96169226  0.27389345  0.01141793  0.02827209]
 [-0.27038653  0.94087072  0.20409167 -0.62413076]
 [ 0.04515657 -0.19936064  0.97888519  0.35902462]
 [ 0.          0.          0.          1.        ]]","[[ 0.94496328  0.30539565 -0.11737927  0.40366859]
 [-0.28677248  0.94583301  0.15218889 -0.51790902]
 [ 0.15749902 -0.11015177  0.98135653  0.35042471]
 [ 0.          0.          0.          1.        ]]"
sun3d-mit_lab_hj-lab_hj_tea_nov_2_2012_scan1_erika,34,36,252,30,0.8686983755623642,0.8763818941684152,0.015297832730326158,0.013408630917595398,"[[ 0.99411205  0.01154221 -0.10774052  0.10895111]
 [-0.03066417  0.98363225 -0.17755928 -0.0217819 ]
 [ 0.10392762  0.1798176   0.9781946  -0.05955451]
 [ 0.          0.          0.          1.        ]]","[[ 0.99402238 -0.00390404 -0.1091067   0.07609547]
 [-0.01386544  0.98675407 -0.1616297  -0.04173737]
 [ 0.10829249  0.16217635  0.98080149 -0.06171823]
 [ 0.          0.          0.          1.        ]]"
sun3d-mit_lab_hj-lab_hj_tea_nov_2_2012_scan1_erika,4,7,2,30,0.25518049249625374,0.3058741137527678,0.024652001837232346,0.02255941665488259,"[[ 0.64964989 -0.63652262 -0.41568495  0.60682837]
 [ 0.23927817  0.69019594 -0.68291692  1.73112972]
 [ 0.72159613  0.34419256  0.60069168  0.09150544]
 [ 0.          0.          0.          1.        ]]","[[ 0.6833016  -0.66120785 -0.30968225  0.32969766]
 [ 0.38724261  0.68776446 -0.61402216  1.43483745]
 [ 0.61898472  0.29964016  0.72599841 -0.13301218]
 [ 0.          0.          0.          1.        ]]"
sun3d-mit_lab_hj-lab_hj_tea_nov_2_2012_scan1_erika,33,37,2004,30,0.9981776503198704,0.9986332377399028,0.010102944458482605,0.00974534551699939,"[[ 0.98231482  0.03120144  0.18461868 -0.35906379]
 [-0.02042948  0.99799142 -0.05996464  0.06346114]
 [-0.18611884  0.05513249  0.9809792  -0.25850483]
 [ 0.          0.          0.          1.        ]]","[[ 0.98072265  0.03916455  0.19143989 -0.37410994]
 [-0.02649465  0.99731294 -0.06830031  0.08467025]
 [-0.19360043  0.06191152  0.97912504 -0.24290135]
 [ 0.          0.          0.          1.        ]]"
sun3d-mit_lab_hj-lab_hj_tea_nov_2_2012_scan1_erika,22,24,25,30,0.8092692184768842,0.9272138288595768,0.02116239030727567,0.015450822947205572,"[[ 0.99373025  0.05086764  0.09956245 -0.46185912]
 [-0.06499555  0.98740567  0.14424157  0.03024872]
 [-0.0909713  -0.14980833  0.98452104  0.13648582]
 [ 0.          0.          0.          1.        ]]","[[ 0.99698735  0.00477456  0.07741721 -0.45531924]
 [-0.01186633  0.99574306  0.09140536  0.12191022]
 [-0.07665123 -0.09204864  0.9927999   0.05518529]
 [ 0.          0.          0.          1.        ]]"
sun3d-mit_lab_hj-lab_hj_tea_nov_2_2012_scan1_erika,9,11,9,30,0.49846843139944225,0.5977606264261044,0.02180434554708437,0.017497723182159607,"[[ 0.98942485 -0.00740935 -0.14485708  0.29887824]
 [ 0.03621559  0.97968305  0.19725505 -0.25246039]
 [ 0.1404525  -0.20041513  0.96959108  0.53398356]
 [ 0.          0.          0.          1.        ]]","[[ 0.9678037  -0.02916215 -0.25001113  0.65594555]
 [ 0.06334837  0.98951398  0.12980396 -0.11435438]
 [ 0.24360414 -0.14146255  0.95950267  0.50036402]
 [ 0.          0.          0.          1.        ]]"
sun3d-mit_76_studyroom-76-1studyroom2,1,35,21,30,0.7669182335999085,0.7870328680774425,0.01805054646368893,0.014956113882020882,"[[ 0.85663225  0.21176142 -0.47046603  1.23953696]
 [-0.16921321  0.97676154  0.13154386 -0.15735312]
 [ 0.48738903 -0.03307564  0.87255827  0.59141759]
 [ 0.          0.          0.          1.        ]]","[[ 0.83704768  0.27655527 -0.47208935  1.21924911]
 [-0.21978135  0.96012908  0.17276663 -0.20219871]
 [ 0.50104624 -0.04085747  0.86445551  0.60521371]
 [ 0.          0.          0.          1.        ]]"
sun3d-mit_76_studyroom-76-1studyroom2,2,37,6,30,0.43663424731991074,0.48564952411791235,0.02193405422849954,0.017114372746292565,"[[ 0.96486379  0.09256171 -0.24590688  0.97277485]
 [-0.01068725  0.94894559  0.31525871 -0.33095702]
 [ 0.26253313 -0.30155365  0.91659247  0.70665903]
 [ 0.          0.          0.          1.        ]]","[[ 0.96965737  0.09214153 -0.22643877  0.89352988]
 [-0.03281879  0.9669298   0.2529223  -0.1201745 ]
 [ 0.24225504 -0.23781653  0.94061458  0.64591204]
 [ 0.          0.          0.          1.        ]]"
sun3d-mit_76_studyroom-76-1studyroom2,8,39,4,30,0.24734632701213694,0.30689906187122246,0.021815900092820174,0.01810832274018945,"[[ 0.96639027 -0.25312132  0.0449382   1.22300684]
 [ 0.25408983  0.96702694 -0.01724139  0.22830673]
 [-0.03909229  0.02808025  0.99884097  0.58244448]
 [ 0.          0.          0.          1.        ]]","[[ 0.98237045 -0.17796338 -0.05724794  1.44260644]
 [ 0.17608655  0.98370332 -0.03634977  0.26391758]
 [ 0.06278391  0.02562834  0.99769803  0.55568206]
 [ 0.          0.          0.          1.        ]]"
sun3d-mit_76_studyroom-76-1studyroom2,7,38,14,30,0.625297619047619,0.6486743665356051,0.01560825350149036,0.014056002664881925,"[[ 0.82445824  0.01762511 -0.56564827  1.14593384]
 [ 0.04857985  0.99362132  0.10176774  0.05372435]
 [ 0.56383385 -0.11138236  0.81834306  0.97585352]
 [ 0.          0.          0.          1.        ]]","[[ 0.84379551  0.05355422 -0.53398603  1.07462099]
 [ 0.01699161  0.9918436   0.12632326  0.04821739]
 [ 0.53639577 -0.11566428  0.8360032   0.92878159]
 [ 0.          0.          0.          1.        ]]"
sun3d-mit_76_studyroom-76-1studyroom2,34,37,1,30,0.48071839113691295,0.524969064773161,0.019824432755415754,0.017855656946067312,"[[ 0.25705125  0.46446675 -0.84746403  2.04350502]
 [-0.33765655  0.86482767  0.37156581 -0.71894679]
 [ 0.90549031  0.19064033  0.37913528  1.06569888]
 [ 0.          0.          0.          1.        ]]","[[ 0.25672493  0.3616671  -0.89626404  2.15577497]
 [-0.30348422  0.91060595  0.28052475 -0.47048935]
 [ 0.91759993  0.19998429  0.3435355   1.20849973]
 [ 0.          0.          0.          1.        ]]"
sun3d-mit_76_studyroom-76-1studyroom2,14,56,9,30,0.5508001279618654,0.6761197273728501,0.020153979714964743,0.01459447804449171,"[[ 0.93435284 -0.0628551   0.35076203 -0.86157036]
 [-0.06228952  0.94035843  0.3344339  -0.02425857]
 [-0.35086291 -0.33432806  0.87471136  0.10723534]
 [ 0.          0.          0.          1.        ]]","[[ 0.94104655 -0.16173108  0.29711016 -0.68720628]
 [ 0.05773797  0.94220883  0.33001342  0.06084816]
 [-0.33331324 -0.29340345  0.89600039  0.04858939]
 [ 0.          0.          0.          1.        ]]"
sun3d-mit_76_studyroom-76-1studyroom2,20,22,4,30,0.7142992135905001,0.7571615061824316,0.019732611179077233,0.01423362758481452,"[[ 0.99734001 -0.04363264  0.05838745 -0.97804001]
 [ 0.04628358  0.99792111 -0.04484739  0.0976397 ]
 [-0.05630926  0.04743048  0.99728613 -0.01915543]
 [ 0.          0.          0.          1.        ]]","[[ 0.99266517 -0.08080957  0.08992038 -1.01154939]
 [ 0.08426183  0.99581902 -0.03527649  0.05981494]
 [-0.08669375  0.0425946   0.99532401 -0.05185994]
 [ 0.          0.          0.          1.        ]]"
sun3d-mit_76_studyroom-76-1studyroom2,51,53,0,30,0.481404030870869,0.6285468010290289,0.019279639876986707,0.01777673518988132,"[[1. 0. 0. 0.]
 [0. 1. 0. 0.]
 [0. 0. 1. 0.]
 [0. 0. 0. 1.]]","[[ 0.99965163 -0.02515258  0.00799786  0.03374598]
 [ 0.024423    0.99641418  0.081008   -0.25148052]
 [-0.01000674 -0.08078445  0.99668136  0.10559587]
 [ 0.          0.          0.          1.        ]]"
sun3d-mit_76_studyroom-76-1studyroom2,27,32,73,30,0.9584855171819227,0.964997852985014,0.013369093996612383,0.011451468837489995,"[[ 0.98196674  0.16830161 -0.08611562  0.13668749]
 [-0.14765617  0.96722029  0.2065976   0.05864387]
 [ 0.11806348 -0.19015647  0.97462892 -0.18847901]
 [ 0.          0.          0.          1.        ]]","[[ 0.98229986  0.16400202 -0.09050043  0.11442285]
 [-0.14444601  0.97081516  0.19145047  0.11641629]
 [ 0.11925746 -0.17498934  0.97732103 -0.2098317 ]
 [ 0.          0.          0.          1.        ]]"
sun3d-mit_76_studyroom-76-1studyroom2,2,49,16,30,0.6974579594818321,0.7466761270930445,0.018080817942670403,0.013806912857409474,"[[ 0.95912094 -0.21465346  0.1844205  -0.37678143]
 [ 0.16424106  0.95290474  0.25494595  0.17976163]
 [-0.2304602  -0.21423458  0.9492058   0.31088829]
 [ 0.          0.          0.          1.        ]]","[[ 9.57538938e-01 -2.27513733e-01  1.77078184e-01 -3.31278769e-01]
 [ 1.58760059e-01  9.28798820e-01  3.34855187e-01 -2.46318855e-04]
 [-2.40654162e-01 -2.92523937e-01  9.25481129e-01  3.70196330e-01]
 [ 0.00000000e+00  0.00000000e+00  0.00000000e+00  1.00000000e+00]]"
sun3d-mit_76_studyroom-76-1studyroom2,37,49,5,30,0.6641638450046853,0.6970058948036513,0.020354778065212933,0.01847169588092531,"[[ 0.95630758 -0.11781548  0.26757302 -0.61976786]
 [ 0.09208     0.99000581  0.10681648  0.20735207]
 [-0.27748348 -0.07751129  0.95759852 -0.08156423]
 [ 0.          0.          0.          1.        ]]","[[ 0.95368731 -0.15130456  0.25997585 -0.6366367 ]
 [ 0.11361881  0.98145298  0.1544047   0.03348442]
 [-0.27851621 -0.11771566  0.9531903  -0.07273763]
 [ 0.          0.          0.          1.        ]]"
sun3d-mit_76_studyroom-76-1studyroom2,23,33,2,30,0.3382792006486383,0.38399707476828665,0.019612252996401045,0.01699999880895707,"[[ 0.92406665  0.28866728 -0.25054345  0.72175731]
 [-0.01793477  0.68749888  0.72596393 -0.81688745]
 [ 0.38181038 -0.66634562  0.64047197  0.79065148]
 [ 0.          0.          0.          1.        ]]","[[ 0.92314324  0.29936632 -0.2412185   0.69355947]
 [-0.08422037  0.76965709  0.63287826 -0.45988566]
 [ 0.37511797 -0.56392178  0.73571648  0.52565644]
 [ 0.          0.          0.          1.        ]]"
sun3d-mit_76_studyroom-76-1studyroom2,5,39,1,30,0.3594202219737199,0.4227785551606841,0.021475638436338006,0.020394648842713286,"[[ 0.75887744  0.43920914 -0.48083298  1.72040765]
 [-0.31698777  0.89409428  0.31640823 -0.09862092]
 [ 0.56887941 -0.08769689  0.81773191  1.36311837]
 [ 0.          0.          0.          1.        ]]","[[ 0.79947367  0.33805098 -0.4965515   1.76317893]
 [-0.19169347  0.92697487  0.32244567 -0.10551989]
 [ 0.56929383 -0.16260114  0.80589416  1.36974339]
 [ 0.          0.          0.          1.        ]]"
sun3d-mit_76_studyroom-76-1studyroom2,7,46,40,30,0.7016601860267918,0.7287089926501122,0.016450673360360372,0.014657913833432634,"[[ 0.98531962 -0.1262887  -0.11487566  0.56980286]
 [ 0.13434411  0.98878168  0.06528747 -0.16728861]
 [ 0.10534188 -0.0797619   0.99123213  0.30578321]
 [ 0.          0.          0.          1.        ]]","[[ 0.97599602 -0.1725623  -0.13286846  0.61541983]
 [ 0.17580516  0.98433934  0.01298487 -0.01821222]
 [ 0.12854696 -0.03603214  0.99104862  0.30697428]
 [ 0.          0.          0.          1.        ]]"
sun3d-mit_76_studyroom-76-1studyroom2,35,49,4,30,0.3869793397460654,0.4696652625717391,0.020533375399637833,0.017968567320700596,"[[ 0.54503467  0.45154499 -0.7064307   2.07852982]
 [-0.23365578  0.89100469  0.38925008 -0.1798323 ]
 [ 0.80519699 -0.04709317  0.59113454 -0.2817113 ]
 [ 0.          0.          0.          1.        ]]","[[ 0.55265366  0.50183472 -0.66538398  1.9663354 ]
 [-0.43385206  0.85491103  0.28442841  0.28772446]
 [ 0.71158016  0.13148781  0.69019174 -0.41930678]
 [ 0.          0.          0.          1.        ]]"
sun3d-mit_76_studyroom-76-1studyroom2,2,36,8,30,0.4376660659206018,0.5205761463445908,0.02240626631136024,0.02151629454183805,"[[ 0.99486819  0.04916427 -0.08843161  0.29184189]
 [-0.05151701  0.99837103 -0.02452118  0.44617732]
 [ 0.08708199  0.02895108  0.99578038  0.09793352]
 [ 0.          0.          0.          1.        ]]","[[ 0.99689659 -0.03070378 -0.07248773  0.29195483]
 [ 0.02787606  0.99882255 -0.03970435  0.50487648]
 [ 0.07362146  0.03756046  0.99657869  0.12150381]
 [ 0.          0.          0.          1.        ]]"
