Scene,Target,Source,Fitness,Inlier RMSE,Transformation
sun3d-hotel_umd-maryland_hotel3,33,35,0.5071331840549201,0.01366418849471432,"[[0.834813522916, 0.012734325044, -0.550385518452, 0.202702964745], [-0.056400574129, 0.996450546813, -0.062492263471, 0.050716877289], [0.547636154024, 0.083211445856, 0.832568614641, 0.134603915748], [0.0, 0.0, 0.0, 1.0]]"
sun3d-hotel_umd-maryland_hotel3,24,28,0.7275234687949118,0.01322143471585538,"[[0.957323472382, -0.182797103812, 0.223868238179, 0.066966493139], [0.135121577773, 0.967791009873, 0.212421092243, 0.052098697899], [-0.255487628756, -0.173106268077, 0.95118888319, 0.025772396334], [0.0, 0.0, 0.0, 1.0]]"
sun3d-hotel_umd-maryland_hotel3,8,16,0.39318957251919345,0.01379948865638089,"[[0.929733519016, -0.215941069074, 0.298270076115, 0.593653177108], [0.203188173843, 0.976375650149, 0.073519764728, -0.579958962431], [-0.307099576081, -0.0077488375, 0.951645840577, 1.054132648431], [0.0, 0.0, 0.0, 1.0]]"
sun3d-home_md-home_md_scan9_2012_sep_30,54,56,0.511791661423598,0.016976083836185013,"[[0.997886357596, -0.010323114325, -0.064158013011, 0.145658832354], [-0.025694759407, 0.84416191827, -0.535472160885, -0.103146518341], [0.05968749167, 0.535988888928, 0.842112411905, -0.212385050628], [0.0, 0.0, 0.0, 1.0]]"
sun3d-home_md-home_md_scan9_2012_sep_30,8,37,0.9467215178038448,0.01002650844618221,"[[0.790111486763, -0.437160385104, 0.42966805348, -1.451669651995], [0.310934845856, 0.88993241949, 0.333676205884, -0.64325355965], [-0.528245549075, -0.13004263315, 0.839074224038, 1.03280226301], [0.0, 0.0, 0.0, 1.0]]"
sun3d-hotel_umd-maryland_hotel1,5,13,0.45218060581840247,0.01683997117905148,"[[0.597849321984, -0.32783931537, 0.731503637381, -1.629910116058], [0.497277741156, 0.867411449858, -0.017669884143, 0.338070348668], [-0.628721747957, 0.374324404698, 0.681608541388, -0.090976936227], [0.0, 0.0, 0.0, 1.0]]"
sun3d-hotel_umd-maryland_hotel1,15,23,0.5993693849708346,0.016188365839625834,"[[0.6206611975, -0.312723387679, 0.719015827862, -1.756249461633], [0.440649275257, 0.897623281286, 0.010033001007, 0.515222641918], [-0.648542900766, 0.310606709026, 0.694921274803, -0.452921392824], [0.0, 0.0, 0.0, 1.0]]"
sun3d-hotel_umd-maryland_hotel1,50,54,0.6153903281306086,0.013682808271361476,"[[0.924282520011, 0.16311630807, -0.345101279689, 0.193438019301], [-0.209180712442, 0.972700066646, -0.100488854557, -0.120136844549], [0.319288666795, 0.165068623273, 0.933170454347, 0.07572575824], [0.0, 0.0, 0.0, 1.0]]"
sun3d-hotel_uc-scan3,34,46,0.7170005680742284,0.014514912898476695,"[[0.650597332371, 0.297081388432, -0.698903254935, 2.155100251365], [-0.369719818254, 0.927785862509, 0.050206068541, -0.567336092845], [0.66334784774, 0.22573445013, 0.713451884098, 0.70394700341], [0.0, 0.0, 0.0, 1.0]]"
7-scenes-redkitchen,48,50,0.9562758977900553,0.009676011439436036,"[[0.997601542417, 0.007177157276, 0.06884512315, 0.071649953515], [-0.015669263388, 0.992206223913, 0.123617488296, -0.028691003083], [-0.06742133752, -0.124399749362, 0.989938920139, 0.272128653637], [0.0, 0.0, 0.0, 1.0]]"
7-scenes-redkitchen,7,20,0.6739941638857305,0.018102062079357262,"[[0.937821566201, -0.159790949378, 0.308151849686, -0.514093567552], [0.123584525568, 0.983277639658, 0.133760787933, -0.287700481774], [-0.324372586709, -0.087360951489, 0.941886664704, -0.607156357211], [0.0, 0.0, 0.0, 1.0]]"
7-scenes-redkitchen,25,39,0.6446359608843791,0.018556542911813263,"[[0.440366327439, -0.445332322709, 0.779587467837, -2.655767365973], [0.348251353247, 0.885056188257, 0.308863300815, -0.463606800593], [-0.827525523848, 0.135479393188, 0.544836527228, 1.008536972179], [0.0, 0.0, 0.0, 1.0]]"
sun3d-home_at-home_at_scan1_2013_jan_1,36,48,0.5312585756537824,0.020004187129832002,"[[0.353773544524, -0.246697989837, 0.902210829577, -1.949855005954], [0.440535824752, 0.894847739695, 0.071942406645, 0.019368111824], [-0.825089368678, 0.372004871707, 0.425252759098, 0.619266225097], [0.0, 0.0, 0.0, 1.0]]"
sun3d-home_at-home_at_scan1_2013_jan_1,41,47,0.5075482824140629,0.015113480463521517,"[[0.993825850097, -0.084385485541, 0.07203658452, 0.201479173757], [0.096365881699, 0.97828776783, -0.183484768193, 0.673800893149], [-0.054989058219, 0.189293774711, 0.98037955422, -0.802958198364], [0.0, 0.0, 0.0, 1.0]]"
sun3d-mit_lab_hj-lab_hj_tea_nov_2_2012_scan1_erika,34,37,0.9312446648315286,0.012387130861659792,"[[0.996640009162, 0.067175569112, -0.046862939001, 0.016304573514], [-0.066005651092, 0.997478300678, 0.026082440458, 0.038755869681], [0.048496867541, -0.022901584896, 0.998560749904, -0.060846205448], [0.0, 0.0, 0.0, 1.0]]"
sun3d-mit_lab_hj-lab_hj_tea_nov_2_2012_scan1_erika,4,6,0.35302447432611594,0.02097186585579673,"[[0.714695245767, 0.151502040636, -0.682830753087, 0.901783020862], [-0.131643180597, 0.987948360843, 0.081413201073, -0.138719693577], [0.686935789343, 0.031704384396, 0.726026207055, 0.356354532019], [0.0, 0.0, 0.0, 1.0]]"
sun3d-mit_lab_hj-lab_hj_tea_nov_2_2012_scan1_erika,3,6,0.39052257258788536,0.018015483002378777,"[[0.544280723829, 0.199944880749, -0.814727278499, 1.317992702355], [-0.118898198586, 0.979763659155, 0.161016740037, -0.294436266197], [0.830434652481, 0.009231297937, 0.557039559724, 1.099400759683], [0.0, 0.0, 0.0, 1.0]]"
sun3d-mit_76_studyroom-76-1studyroom2,18,64,0.5123436402380038,0.020833053210270385,"[[0.513626884085, 0.33113142168, -0.791542421808, 1.370675284709], [-0.187740839514, 0.943546917518, 0.272896668395, -0.495096430623], [0.837222073959, 0.008437773316, 0.546797954328, 1.723745541883], [0.0, 0.0, 0.0, 1.0]]"
sun3d-mit_76_studyroom-76-1studyroom2,8,39,0.2646393561317947,0.01897901543596387,"[[0.999344995676, 0.021093714288, -0.0294046737, 1.390417415104], [-0.017179948012, 0.991687248765, 0.127519606427, -0.13304523908], [0.031850102107, -0.126930909767, 0.991400078244, 0.558375560151], [0.0, 0.0, 0.0, 1.0]]"
